key,instantiation-moment,title,author,message,email,link
notice-01,2002/04/14 08:00,Test title,"username - Surname, Name",This is a message,user@email.com,http://link.com
notice-02,2022/07/29 23:59,Last minute,"username - Surname, Name",This is a message,user@email.com,http://link.com
notice-03,2002/04/14 08:00,a,"username - Surname, Name",This is a message,user@email.com,http://link.com
notice-04,2002/04/14 08:00,Extremely long title.......................................................,"username - Surname, Name",This is a message,user@email.com,http://link.com
notice-05,2002/04/14 08:00,अजीब अक्षर शीर्षक,"username - Surname, Name",This is a message,user@email.com,http://link.com
notice-06,2002/04/14 08:00,Short author,a,This is a message,user@email.com,http://link.com
notice-07,2002/04/14 08:00,Extremely long author,...........................................................................,This is a message,user@email.com,http://link.com
notice-08,2002/04/14 08:00,Short message,"username - Surname, Name",a,user@email.com,http://link.com
notice-09,2002/04/14 08:00,Extremely long message,"username - Surname, Name",....................................................................................................,user@email.com,http://link.com
notice-10,2002/04/14 08:00,Strange characters message,"username - Surname, Name",अजीब अक्षर संदेश,user@email.com,http://link.com
notice-11,2002/04/14 08:00,Null email,"username - Surname, Name",This is a message,,http://link.com
notice-12,2002/04/14 08:00,Null link,"username - Surname, Name",This is a message,user@email.com,
